question_id,question,difficulty,question_type,answerable,expected_behavior,source_partition,dataset,jurisdiction,case_id,judgment_hash,reference_id,summary_hash,unanswerable_reason
LQA-001,"Case background: An affidavit filed before the High Court by the Sarpanch stated that the document filed by M, by way of an affidavit in support of his application had not been verified by any proper authority and for this and other the Panchayat did not believe that the High... Which facts were legally material to the court's determination?",easy,facts,True,answer_with_supported_citations,test_in_abs,IN-Abs,India,2392,011d05bda0ab401d94a2284783abcb993eb75491f47c834817e0cc1d980c0517,IN-Abs:2392:reference,a96e537f9158d4395e5e02e21b4502239b1d9b2fb4c27844c18c1e74dc394fe1,
LQA-002,"Case background: by hajur order the respondent was granted daljitgarh jagir comprising of 10 villages by the then ruler of idar; by another hajur order the respondent was given a further grant in jivarak of 3 villages, by yet another hajur order ... What procedural steps and earlier rulings brought the matter before the deciding court?",easy,procedural_history,True,answer_with_supported_citations,test_in_ext_expert,IN-Ext,India,1978_M_13,010ae50099674ec857b0688d7bb3d93dc52cb3e33f343bebe31e5919117d780e,IN-Ext:1978_M_13:A1,69b9d6dfd6dbd6a0d0702f2176101366a5e834aa939d2c2c5fa53c5a7c2afaa9,
LQA-003,"Case background: The issue in this appeal is whether AA falls within the definition of an adopted child in paragraph 352D of the Immigration Rules. What final order did the court make, and what relief followed?",easy,outcome,True,answer_with_supported_citations,test_uk_abs,UK-Abs,United Kingdom,uksc-2012-0181,051184b54a1430ab4570475839ddd948a01fa1e8a5430ae7e8046fa5424a3cc8,UK-Abs:uksc-2012-0181:reference,e5883a5e1ffff52d1fb3b179e87b442ec86fc47c138acfea06b13027751a6bba,
LQA-004,"Case background: In the case of Styrene Monomer, the finding is that the supply was in tankers to the extent of 90% and only 10% of the sales were made in drums. What central legal issue did the court have to resolve?",medium,legal_issue,True,answer_with_supported_citations,test_in_abs,IN-Abs,India,6157,1a15e0e3f29f532ea4e340d8d492ebb3c68856f16447bfeb3b8883b0b1e8cba7,IN-Abs:6157:reference,858e497aa5def74926887ee412ad7e8eaeff8e24e712f71fb9d6897af32262f7,
LQA-005,"Case background: during the pendency of the aforesaid appeal the state of west bengal requisitioned large extent of fisheries including the disputed nalban fishery, in exercise of power under section 3(1) of the west bengal land requisition and acquisition act of 1948. How did the court interpret or apply section 3(1) and section 2 (7) to resolve the dispute?",medium,statutory_interpretation,True,answer_with_supported_citations,test_in_ext_expert,IN-Ext,India,1996_B_72,04deed9b3428da8cab87dbcf7c27c1ae88df95f6d1141bcf5646577d4a99bc85,IN-Ext:1996_B_72:A1,b35b1dc2d66ec2c525cb748e8baaca3f27e926e2e53e8affae04acfbd0b0dea3,
LQA-006,"Case background: Ms Janah is a Moroccan national who was recruited in Libya to work as a domestic worker for the Libyan government at its London embassy. Which precedent or governing legal principle did the court apply, and how was it applied?",medium,precedent_application,True,answer_with_supported_citations,test_uk_abs,UK-Abs,United Kingdom,uksc-2015-0063,082dc29e13ca5a2ace4f32848d412f9c58d7e6cd1e491e28fea4647ad117e892,UK-Abs:uksc-2015-0063:reference,5b82d504d65bf972b37098013f23543729e14221a05a3514c2c92a85acba86da,
LQA-007,"Case background: While each of the parties had taken such stand, in the litigation a compromise was brought about on 21.8.1987 between the appellant and his two sons, the respondents 2 and 3 and the same was filed in this Court and in terms of the compromise the appellant... How did the court connect the governing legal rule to the facts in reaching its conclusion?",hard,judicial_reasoning,True,answer_with_supported_citations,test_in_abs,IN-Abs,India,6668,1ae53fd8f64775c80e2e14d997f028189289f0bbc1ef4ba743c923189c61df7e,IN-Abs:6668:reference,37c981d49bd9ed5451efee7fd3b8dbba51652655cfb2fc827ad2ed46cf386bcc,
LQA-008,"Case background: he appointed his two sons rajendra & jogendra as executors of his will and provided that his second wife and the two sons should perform the seva of the deity and on their death their heirs and successors would be entitled to perform the seva. What were the parties' competing arguments, and why did the court accept one position over the other?",hard,arguments_and_reasoning,True,answer_with_supported_citations,test_in_ext_expert,IN-Ext,India,1953_S_23,0c9b41938ec8252f4268e9514ff30a96e90eab71a8a035281eb9518c32fbe4ed,IN-Ext:1953_S_23:A1,1c4f23efb62a20c5a5890d5f021f085c49e59b9523a2ff4e61e39dec47cccd61,
LQA-009,"Case background: It includes section 9, subsection (1) of which provides that civil legal services are to be available to an individual if they are legal services described in Part 1 of Schedule 1... Identify the controlling issues, explain the court's reasoning, and state the final outcome.",hard,multi_issue_synthesis,True,answer_with_supported_citations,test_uk_abs,UK-Abs,United Kingdom,uksc-2015-0255,0966289d8de5ed902e0b48a1f3c83a277187b1a0b7435f2c4644a8753e480e7b,UK-Abs:uksc-2015-0255:reference,01b8c2d012d7ef2103fa758f14c39f81ac8f07e9f2baa75a7a91d0029ac08752,
LQA-010,"Case background: Such a cannot be said to create unreasonable restrictions on the citizen 's right to do business unless it is clearly established that the provisions are too drastic, unnecessarily harsh and over reach the object for which they were made. What material facts created the dispute considered by the court?",easy,facts,True,answer_with_supported_citations,test_in_abs,IN-Abs,India,652,251fb8fa793d817971e94e2d605cb2aae0238c5bf3b7f75c54b174264d7ce4b3,IN-Abs:652:reference,713646af8372dd2b8fcec460a69ea5921b4809e0fb7ba6b7e567018cf509f1ac,
LQA-011,"Case background: allegedly,on the premise that the first respondent is the proprietor of the said mark by of long user and,thus,acquired a reputation in that behalf... How did the dispute progress through the authorities or lower courts?",easy,procedural_history,True,answer_with_supported_citations,test_in_ext_expert,IN-Ext,India,2008_P_8,0fd4ce5b74e7afd3eaa5b182e92bb82abf82f95c574e5751b6c3cd109092e79a,IN-Ext:2008_P_8:A1,36c160d322b7dca67e6af577d1faa7f8b42947a3f22e0db6f67452efdf6af4eb,
LQA-012,Case background: The issue is whether it is permissible to refer to anything written or said in the course of the without prejudice negotiations to help interpret any agreement which results from the negotiations. How did the court ultimately dispose of the appeal or claim?,easy,outcome,True,answer_with_supported_citations,test_uk_abs,UK-Abs,United Kingdom,uksc-2010-0039,0cf33d16bf80749fd49e30047ebabc8e28a7356c8ee53505d77ffb149ff6d1f1,UK-Abs:uksc-2010-0039:reference,7f8b8112ff045b78dfba7118f8a6e4d108d1af0547121445ccffd2469f562720,
LQA-013,"Case background: Even in a case of this kind the requirement of bona fides was essential and if the termination of service was a colourable exercise of power, or was a result of victimisation or unfair labour practice, the tribunal had jurisdiction to intervene and set aside such termination. Which question of law determined the resolution of the dispute?",medium,legal_issue,True,answer_with_supported_citations,test_in_abs,IN-Abs,India,1406,2fe086aab29de18067e092a5543324885cfb2f9fab581bf4ade001ee925864d4,IN-Abs:1406:reference,909fb0aafca80f853aeb46222fc3d459cf6ef1ebde1f299d6c82f4ad6b226b99,
LQA-014,"Case background: by this will he gave the following directions ""after my lifetime, you, the aforesaid ranganayaki amminal, my wife, shall till your lifetime, enjoy the aforesaid entire properties , enjoy the aforesaid entire properties, the outstandings due to me, the debts payable by me... Which statutory or constitutional provisions governed the dispute, and how were they interpreted?",medium,statutory_interpretation,True,answer_with_supported_citations,test_in_ext_expert,IN-Ext,India,1953_L_1,1a65283340bbb2346be6ce5ef0c5337b692b828c229729c25d1ba94efd8d3416,IN-Ext:1953_L_1:A1,32e1461a685e642f3b61a2bdc7ec0bc682f357beec7af5fe9ba0b7508bea56ab,
LQA-015,Case background: The order required the appellant to pay the amount within 12 months or serve six years imprisonment in default of payment. How did prior authority or an established legal principle influence the decision?,medium,precedent_application,True,answer_with_supported_citations,test_uk_abs,UK-Abs,United Kingdom,uksc-2016-0052,0e38f68d0abee6c02dd08e1d5fe59fbe2f9a901344f839ea11a300fa2998d2ba,UK-Abs:uksc-2016-0052:reference,0b27b1f3c6c9f4730a4642c5e7e940ceece4d26027ea8aeae9f9f54c34421d37,
LQA-016,"Case background: Before the High Court the appellant contended that the respondent was a 'commercial establishment ' because, the activity of the respondent amounted to a 'Profession ', and alternatively, that the case fell within the latter part of the definition of 'commercial establishment ' in section 2(5)... What chain of judicial reasoning led from the material facts to the final decision?",hard,judicial_reasoning,True,answer_with_supported_citations,test_in_abs,IN-Abs,India,3210,3bc8d6f9b48465e3d4194992dc00708fb6a6f80c9ab277a1bb20ce97421f1852,IN-Abs:3210:reference,0beb7ca813dc01a23999b773cc728878b2e05824e746dc8d2376d7f9a4382f8a,
LQA-017,Case background: the defence in those written statements was that defendant-l and his family members had become tenants of the suit properties in the year 1959-1960 and had continued to be such tenants at the time of mortgage deeds executed in respect of those properties in the year 1961 and... How did the court evaluate the principal arguments advanced by each side?,hard,arguments_and_reasoning,True,answer_with_supported_citations,test_in_ext_expert,IN-Ext,India,1994_M_69,1d962878144765f04ab5b970826f5c81e78ee4b4b40e14b321a6b612119c53a8,IN-Ext:1994_M_69:A1,7ef6a66ec791f220f0658807feb02855ba0a658a60bc1ca0185735431b185d09,
LQA-018,"Case background: The inference can be drawn from the parties conduct that they proceeded with the negotiation and conclusion of the contract on the basis that the accuracy of the representation continued to be asserted by the representor, implicitly if not expressly... How did the facts, governing law and judicial reasoning combine to determine the result?",hard,multi_issue_synthesis,True,answer_with_supported_citations,test_uk_abs,UK-Abs,United Kingdom,uksc-2012-0025,19a5481b6a64beb123f0804d20de6d1823efbbb118a14acef5994b8aede0d392,UK-Abs:uksc-2012-0025:reference,0b91b4507a4a8a98b73c6738cb7bf203b675945b61758e1e508dcfdd821a68b5,
LQA-019,Case background: One of the provisions of the merger agreement was that the existing laws in the Covenanting States were to be continued till such time as they were modified or repealed by the new State and that all the assets and liabilities of the Covenanting States were taken over... Which factual circumstances were important to resolving the case?,easy,facts,True,answer_with_supported_citations,test_in_abs,IN-Abs,India,1762,403ea3bb27b1fb445d9e0c4f74ddda338a54d085181b46cf8c542c316ac22368,IN-Abs:1762:reference,58729201ca7f5f5315776932b4969f92dd2b9a0e74340f13fe15dc48c94fb6f1,
LQA-020,"Case background: out of the said twelve accused,6 accused were acquitted of all the charges while the five appellants herein namely,bonkya alias bharat shivaji mane (a-5),mandu baliba dombe (a-8),ashok baloba dombe (a-9)... What was the relevant procedural history before the final appeal?",easy,procedural_history,True,answer_with_supported_citations,test_in_ext_expert,IN-Ext,India,1995_S_317,21e2890ec9b93df4d15ca56f130e3e73ed787986c00805ba753a64b8d1c17411,IN-Ext:1995_S_317:A1,16c11d038a8cbf29c3dc7e1b39f9551a1513be62dec8bb0d10823929adcb1df9,
LQA-021,"Case background: The police did this exercising the power under Paragraph 2 of Schedule 7 of the Terrorism Act 2000, which deals with questioning individuals at ports or borders for the purpose of determining whether he appears to be [or to have been concerned in the commission... What was the final holding and practical outcome for the parties?",easy,outcome,True,answer_with_supported_citations,test_uk_abs,UK-Abs,United Kingdom,uksc-2013-0243,2ecdedce96c24849972366d10d71e33425ab5b31521ddc4ae543088a7c0a12f1,UK-Abs:uksc-2013-0243:reference,f29d46ae054f6824e467fab94b4ea21dc5b7a2bc1602e01fecd5c31b6a22b1ed,
LQA-022,"Case background: The prosecution alleged that on the basis of a complaint made by the appel lant that the food served in the canteen was substandard, PW 3 issued a show cause notice to PW I... What was the principal legal controversy before the court?",medium,legal_issue,True,answer_with_supported_citations,test_in_abs,IN-Abs,India,6413,44051a9796cb5b331246ef344e5ef42d918d7fda2953330160292d7995ce60b4,IN-Abs:6413:reference,30a9c19fde30e8a1bbb9670a4a2dfc3ae793603181ecffd6694b2cd12e562791,
LQA-023,"Case background: the is that for certain the appellant could not derive actual income from the forests taken over by the state from him and therefore there was no income-tax payable on any agricultural income from these forests. Which statutory or constitutional provisions governed the dispute, and how were they interpreted?",medium,statutory_interpretation,True,answer_with_supported_citations,test_in_ext_expert,IN-Ext,India,1976_T_9,2321c3eb77540305a02b052b6d66c143d33b26b61ff55656728532cd04024b1a,IN-Ext:1976_T_9:A1,1d8350fdb4b7b05552a94c7ce57227f920a265dadfca6060d2eb35c423e8d630,
LQA-024,"Case background: In this appeal, the Supreme Court is asked to decide whether Barclays Bank is vicariously liable for sexual assaults allegedly committed between 1968 and about 1984 by the late Dr Gordon Bates. What controlling precedent or doctrine guided the court's analysis?",medium,precedent_application,True,answer_with_supported_citations,test_uk_abs,UK-Abs,United Kingdom,uksc-2018-0164,335448f00a2fc7df175d8904870b915a9c92736a1b73f6f48d969ea9712c1022,UK-Abs:uksc-2018-0164:reference,f05019af23db7dd92f08ca32093a1d58ec27b409a9551b49f1441da756e23133,
LQA-025,Case background: Evidence was also led of an extra judicial confession made by the appellant to one U but the High Court did not place reliance on it as it did not feel sure of it though it observed that a perusal of the statement of U showed that it... Why did the court reach its conclusion under the applicable legal principles?,hard,judicial_reasoning,True,answer_with_supported_citations,test_in_abs,IN-Abs,India,1378,448ae66c60cd0cc42cd09d9d57456ad7771d6c420071354c8ca5706bff40b131,IN-Abs:1378:reference,097fc61f94f90462e280686fdb1ed50295321067edfab9633ad349ef602da940,
LQA-026,"Case background: the learned single judge granted reliefs sought for by the respondents,however,imposing certain restrictions with regard to the age,being medically fit,on the date of the writ petition... Which competing submissions mattered, and how did the court resolve them?",hard,arguments_and_reasoning,True,answer_with_supported_citations,test_in_ext_expert,IN-Ext,India,2000_V_80,2ea3381bf7b2dca0261810570b8a4c6aadc5cb547d84748594fcc7aca6f9dbe6,IN-Ext:2000_V_80:A1,1d1006015c8b1cf8ff7beaf7922fae44a61033f726c18b0a90e4e0258f012615,
LQA-027,"Case background: When a potential customer identified a hotel at which she wished to stay, she would book a holiday through a form on the website, which set out standard booking conditions (the website terms). What complete path from factual background through legal analysis led to the final order?",hard,multi_issue_synthesis,True,answer_with_supported_citations,test_uk_abs,UK-Abs,United Kingdom,uksc-2013-0036,43839985c70f01e81c0a095466252e0b2743f7076e2aabba3f4846cd67d604f0,UK-Abs:uksc-2013-0036:reference,9bfa25e17b2920c1226637e1e1ee079c5174cf58d9cf523f5debe08f7b099815,
LQA-028,"Case background: By the said notification, original Rule 21 of the Rules was substituted by a new Rule 21 which provided that a holder of a quarry lease or any other mineral concession granted under the Rules shall pay royalty in respect of minor minerals provid ed in column 2... Which facts were legally material to the court's determination?",easy,facts,True,answer_with_supported_citations,test_in_abs,IN-Abs,India,6276,4d921146a8c2c0032e3a3afd7b193d9a3af226e4c8e26a6cee927ec305b2a0cc,IN-Abs:6276:reference,c27118a282b7d73543a07311db4badc19617fffd003b694c84c1b0c3223ad6a8,
LQA-029,"Case background: in 2002,the legislature desired an amendment to the law and intended to create an appellate forum to hear appeals against orders passed by the controller consequently patents (amendment) act,2002 was promulgated on 25.6.2002.however,it was not brought into force immediately.it may be noted that in the said amendment act,2002... What procedural steps and earlier rulings brought the matter before the deciding court?",easy,procedural_history,True,answer_with_supported_citations,test_in_ext_expert,IN-Ext,India,2008_A_260,3e1469b57d5390979a318423f06e1539261fd5d6d7ca100b8a2fe52372da1346,IN-Ext:2008_A_260:A1,4073f0830af0c9e47c77b37ec85c28955107946c43677594670fa5783f7139ee,
LQA-030,"Case background: Members of the pension scheme are eligible for compensation under the Pensions Act 2004 from the UKs Pension Protection Fund in respect of the shortfall. What final order did the court make, and what relief followed?",easy,outcome,True,answer_with_supported_citations,test_uk_abs,UK-Abs,United Kingdom,uksc-2013-0158,4d6a4b3d20cdcd2ff3c3de719d3a52e57e631e34cd2a61b97a9478ee6d06f547,UK-Abs:uksc-2013-0158:reference,00b0dda747852a6dc6d3d8c44850920aa5151b242433bce0184d5a59382b2ee0,
LQA-031,"Case background: It is stated that on January 1, 1957 the respondent assessee, by a letter directed a company in which he maintained an account, to debit his account to the extent of Rs 1,50,000 and credit in the names of his two sons and grandsons various sums... What central legal issue did the court have to resolve?",medium,legal_issue,True,answer_with_supported_citations,test_in_abs,IN-Abs,India,5248,5e1749bcbf050f4209ab8096ce31e23e3066c8425145f4f0abc2eba63c9c784b,IN-Abs:5248:reference,8b37f7625637cbf40b475d214beb1cb7cecf35a0cddff21af678a13816c2f822,
LQA-032,"Case background: in addition, he was convicted for an offence punishable u/s 376 of the ipc and sentenced to undergo rigorous imprisonment for 10 years and to a fine of rs.5, 000/- and in default of payment to undergo further r.i. How did the court interpret or apply section 376 to resolve the dispute?",medium,statutory_interpretation,True,answer_with_supported_citations,test_in_ext_expert,IN-Ext,India,2007_U_18,44f88a9b66cbf1aa53d396786fa720fdb535144a05b712dd5020856f460954ca,IN-Ext:2007_U_18:A1,1f0d456f6c0c73053602c0b755feae6398de188c31fd82725f8f18acca8a8a85,
LQA-033,"Case background: Section 47A of the Competition Act 1998 (the 1998 Act) provides that following an infringement finding by the Commission, any person who has suffered loss as a result of that infringement may bring a follow on claim for damages. Which precedent or governing legal principle did the court apply, and how was it applied?",medium,precedent_application,True,answer_with_supported_citations,test_uk_abs,UK-Abs,United Kingdom,uksc-2010-0236,50e59eea8a45f406561c4e3b28405f25b185aef70b95da07d1b76c7b822b8360,UK-Abs:uksc-2010-0236:reference,1382988c4207f8694aba2b5528d4273dbb0363b6c7ab5632b19f908981d21c58,
LQA-034,"Case background: The Madhya Pradesh Municipalities Act, 1961 by section 127 (1) (i) empowered a municipal council to impose, in the whole or any part of the municipality, ""a tax payable by the owners of houses... How did the court connect the governing legal rule to the facts in reaching its conclusion?",hard,judicial_reasoning,True,answer_with_supported_citations,test_in_abs,IN-Abs,India,4480,60e720aa1e36a42340d0064a2d5cd551b7df965f74b7f7ea54287fa438befab4,IN-Abs:4480:reference,28cb09f37ff2b03c839fb90378fa3039fa5d9a9a807834581250fe390ddec98a,
LQA-035,"Case background: on or about 23rd of august,1963 the military estate officer,secunderabad of.andhra pradesh requested for the requisition of the property named as ""sail gulshan"" with a vast extent of land and palaces with roads and surrounded by a compound wail measuring 19 acres and 10 guntas situated in the... What were the parties' competing arguments, and why did the court accept one position over the other?",hard,arguments_and_reasoning,True,answer_with_supported_citations,test_in_ext_expert,IN-Ext,India,1987_M_123,4d25f52ac028188db168ddc11b70ed699de4a173595400b21c674355cf286d2e,IN-Ext:1987_M_123:A1,0e50b46e934844c4c1082a0d04d86a4830a214ae96405f882d72764cb2ace993,
LQA-036,"Case background: On 7 November 2008 the appeal court (Lord Osborne, Lady Paton and Lord Philip) refused his appeal against conviction, leaving his appeal against sentence to be heard on a date to be fixed. Identify the controlling issues, explain the court's reasoning, and state the final outcome.",hard,multi_issue_synthesis,True,answer_with_supported_citations,test_uk_abs,UK-Abs,United Kingdom,uksc-2009-0129,56a149467e1bbe922d460f1329d1e3ed90205cb60585579dcf72d336e99cd7d2,UK-Abs:uksc-2009-0129:reference,2b9f1d389298558a3bfb74abba077e52d6108bd3c366cbf9701fe151a14a2eda,
LQA-037,Case background: The Department denied the relief on the short ground that the sales effected by the appellants were not sales in the course of export outside India within the meaning of section 5(1) of the . What material facts created the dispute considered by the court?,easy,facts,True,answer_with_supported_citations,test_in_abs,IN-Abs,India,6622,6d24d0ff14bd2bc423e8f90668195931cbce0d76eb5037f333219707edd5094b,IN-Abs:6622:reference,047df96b33c39a405904e678c81c839837fd19a071d5734a9f503273f9ee7999,
LQA-038,"Case background: the petitioners had employed the respondent nos.1 to 4 as their advertising agents through the petitioners' sister concern ""m/s modern advertising agency"" and ""uta advertising agency"" and were dealing with the respondent no.1 mainly through the petitioners managing director,g.k.pendharkar. How did the dispute progress through the authorities or lower courts?",easy,procedural_history,True,answer_with_supported_citations,test_in_ext_expert,IN-Ext,India,2001_A_234,4e131d698d18349e7c8dbc9efdeb0d1315aa25b9534f4a0671f98e9d16a14765,IN-Ext:2001_A_234:A1,c7afa2d20313aa97c70d653c533dbea4c9c64057337dd28599a0218775a904d3,
LQA-039,"Case background: Secondly, moving from a legal structure under which the duties of statutory bodies to cooperate were linked to the performance of their individual functions, to one which ensures that they work collaboratively and share information in order to support wellbeing. How did the court ultimately dispose of the appeal or claim?",easy,outcome,True,answer_with_supported_citations,test_uk_abs,UK-Abs,United Kingdom,uksc-2015-0216,5d453e55a12700094c3ebdf17b2b6126d8544e98ad062c43fa171221f370bd8f,UK-Abs:uksc-2015-0216:reference,135a0b13158bd092640ca08551abca8549dcf45e11892d1b2b294a4c101fb83b,
LQA-040,"Case background: Appellant was detained under section 3(1)(a)(i) of the Preventive Detention Act, Act IV of 1950 on the grounds that with the financial help given by the Portuguese authorities he was carrying on espionage on their behalf with the help of underground workers and that he was also collecting... Which question of law determined the resolution of the dispute?",medium,legal_issue,True,answer_with_supported_citations,test_in_abs,IN-Abs,India,415,778d5c50e3a0e73b7e595f3711bdae79def2e73e19463e4c8b92edfc1075b6bf,IN-Abs:415:reference,35d2da3914eb9ea09840f274dc7b071466d919bac1a2e8eaecd768f3692fe888,
LQA-041,"Case background: as the aeco did not have the necessary capital to undertake the work, raju floated in 1933 a public limited company called visakhapatnam electric supply corporation ltd., and another in 1936 called the anakapalli electric supply corporation ltd. Which statutory or constitutional provisions governed the dispute, and how were they interpreted?",medium,statutory_interpretation,True,answer_with_supported_citations,test_in_ext_expert,IN-Ext,India,1963_S_59,500b861382648634c74d1e808804710df96c13ad8c47a01224efaec29ff29871,IN-Ext:1963_S_59:A1,9a67efe6ea32882db02d80cfb7312faa19082dcfeac90ac0489f5311536f0de8,
LQA-042,Case background: It is over subscribed and has adopted as its oversubscription policy an approach of giving precedence in admission to those children recognised as Jewish by the Office of the Chief Rabbi of the United Hebrew Congregation of the Commonwealth (the OCR). How did prior authority or an established legal principle influence the decision?,medium,precedent_application,True,answer_with_supported_citations,test_uk_abs,UK-Abs,United Kingdom,uksc-2009-0105,6afd091757b858edf1c906493246d8d29086b4ce16f53e4b7a71ba7b5620561a,UK-Abs:uksc-2009-0105:reference,57927ec902a9cbd4186c24f6ef70dfcb26df0818327bfff847d31b9c6b2102db,
LQA-043,Case background: It was urged that since section 114 of the Evidence Act did not lay down definitely the presumption to be drawn in a given set of circumstances it was necessary always to start with the lesser presumption and draw the higher presumption only when there was some other... What chain of judicial reasoning led from the material facts to the final decision?,hard,judicial_reasoning,True,answer_with_supported_citations,test_in_abs,IN-Abs,India,2796,80c60888698602a5ab88db37624e9c594cd4e863671ff516ea613014f1f08ce7,IN-Abs:2796:reference,abb646ac75d46a021802931dcb43cb52909a86109b9422e889407552a5c869cc,
LQA-044,"Case background: she and her daughter-in-law sheela devi were sleeping in her house,around 11.30 pm,the appellant jumped over the front wall of her house and broke the bulbs and ran away... How did the court evaluate the principal arguments advanced by each side?",hard,arguments_and_reasoning,True,answer_with_supported_citations,test_in_ext_expert,IN-Ext,India,2010_S_431,537683fb7e76c2575884570c02e7ff17c001295225b860d91a6ad3023e59c7f7,IN-Ext:2010_S_431:A1,cdadf3e020a809b4d474773151d2a1a6080e376032636c5ad57356ec14d2c858,
LQA-045,"Case background: Mr Amjid Khan was behind the kiosk desk, employed by the Respondent to see that petrol pumps and the kiosk were kept in good order and to serve customers. How did the facts, governing law and judicial reasoning combine to determine the result?",hard,multi_issue_synthesis,True,answer_with_supported_citations,test_uk_abs,UK-Abs,United Kingdom,uksc-2014-0087,6ec8e652da6d2a0b78bdefaa8ff48d4556f98eedd1850aa76276d21074ed3dac,UK-Abs:uksc-2014-0087:reference,d9882fb0113a8e1abf3a8052e991644dc369e0e9ac8345c485ddd0e5ded67488,
LQA-046,Case background: The Bench Secretaries made a representation to the Government that they be put at par with the Section Officers if not on a higher scale. Which factual circumstances were important to resolving the case?,easy,facts,True,answer_with_supported_citations,test_in_abs,IN-Abs,India,5861,81f449079376520254225e07a4a08c169f8b55dad36f378449ccb7bfe2c15de4,IN-Abs:5861:reference,36f13b5baf0f43e48f6ef56badc498a852ab9cb225af54b9c425e8317217e45a,
LQA-047,"Case background: he is the managing director of a company,registered and incorporated under the provisions of the companies act,known as m/s sundesh springs private limited. What was the relevant procedural history before the final appeal?",easy,procedural_history,True,answer_with_supported_citations,test_in_ext_expert,IN-Ext,India,2006_A_36,57dcfcc6d9486e45333c00b3a61624ab3c49b12319993ba105d35341ea46e1e0,IN-Ext:2006_A_36:A1,ecb8ed46a6e7ab5f8cdaef3dd4e46806ae518c3102e4945b4cfcaf6d26b5e011,
LQA-048,"Case background: The Managers who received VAT from the ITCs paid it to the Commissioners, believing they were entitled to deduct from the VAT chargeable on their supplies to the ITCs (output tax) the tax which they had themselves paid on supplies received for the purposes of their businesses (input... What was the final holding and practical outcome for the parties?",easy,outcome,True,answer_with_supported_citations,test_uk_abs,UK-Abs,United Kingdom,uksc-2015-0057,70eac04b1eb98082e5ff353de80e9f21984cf088de225af094d6e379aef603a2,UK-Abs:uksc-2015-0057:reference,ac72d92772b6ca55be5e000342184171b96dfaf7538e93620dde5865950cd792,
LQA-049,"Case background: In the instant case, the appointment of the respondent was indisputably in the nature of contract and under tile order of appointment he was entitled to continue in office in the post in question till 30th of August... What was the principal legal controversy before the court?",medium,legal_issue,True,answer_with_supported_citations,test_in_abs,IN-Abs,India,6270,8ec8709a99b348391a0545e22304fb4ccc41ab352d1f3d724106312443071045,IN-Abs:6270:reference,7fec2277b978f94420c29103927a7c5fda3e6931d4360cc747c3ae65ec5d4e82,
LQA-050,"Case background: the government of gujarat in exercise of its power conferred upon it u/s65 of the gujarat town planning and urban development act,1976act made a scheme in respect of the town of umra,surat on 1.06.1999. How did the court interpret or apply rule 21 and rules 21(3) to resolve the dispute?",medium,statutory_interpretation,True,answer_with_supported_citations,test_in_ext_expert,IN-Ext,India,2008_S_1411,5b65c330d4d18b739c8c94f11531d58057d2ee330296ae7bb171f71732d2ad06,IN-Ext:2008_S_1411:A1,f1fc89016b92939eda33d04fa9da318a9436d922ad7ad8c641794975d8685c9d,
LQA-051,"Case background: This case relates to the liquidation of Letham Grange Development Company Limited (LGDC) and the question whether its sale of a hotel and adjoining golf courses (the subjects) was a gratuitous alienation, ie. What controlling precedent or doctrine guided the court's analysis?",medium,precedent_application,True,answer_with_supported_citations,test_uk_abs,UK-Abs,United Kingdom,uksc-2013-0083,8100359881c22fef1761eb46465929493fbe8e55db1a78b6f8f928afb033196c,UK-Abs:uksc-2013-0083:reference,ac1a9b0e2fb78470795c4d52b4ab6e740a041244f357dcce38709846162bac97,
LQA-052,"Case background: on the question whether Arc Carbons, known as 'Cinama Arc Carbons ' manufactured by the appellant fall under the entry and their sales were, there fore, rightly subjected to sales tax. Why did the court reach its conclusion under the applicable legal principles?",hard,judicial_reasoning,True,answer_with_supported_citations,test_in_abs,IN-Abs,India,3436,90187564fcd402e7d5f78b154c6820ab830a1b3c3484bbe5684e4af0126ae55b,IN-Abs:3436:reference,a5397a5490d5f3bf35b4616142760c2c07346d38d993287ee5c55ea519660469,
LQA-053,"Case background: on 19th march 1991, kishori lal, pw4 informed bd (pw2), the unfortunate father of s, that dead body of a girl was lying near mohalla basera on the outskirts of village kotputli. Which competing submissions mattered, and how did the court resolve them?",hard,arguments_and_reasoning,True,answer_with_supported_citations,test_in_ext_expert,IN-Ext,India,2001_S_1131,6094af32db0f037eeefdf7e97cdf36892c643640c26a698baec4b3b2feb0cb9c,IN-Ext:2001_S_1131:A1,98590e1f83341506c4c8f0e211c8900f5aa1094c551f5a33f00fb495e29a83c1,
LQA-054,"Case background: This appeal concerns a repayment of overpaid value added tax (VAT) of approximately 125m (the VAT Repayment) received by the appellant, Shop Direct Group (SDG), a company in the Littlewoods corporate group (the Group). What complete path from factual background through legal analysis led to the final order?",hard,multi_issue_synthesis,True,answer_with_supported_citations,test_uk_abs,UK-Abs,United Kingdom,uksc-2014-0110,844a5bf074042a3d6656190a9f541098e77f4e6da751d415d0aa76a61a5c698c,UK-Abs:uksc-2014-0110:reference,bda31ab0fa246a06343f00137fe6f596d89a9ccd8ffb5b5b39f0a28e1c383816,
LQA-055,"Case background: On October 31, 1952, the Assistant Custodian cancelled the allotment of 14 allottees in village Karodian, and also cancelled the allotment of the Appellants in Raikot but allotted lands to them in village Karodian, and allotted the lands of Raikot to other persons. Which facts were legally material to the court's determination?",easy,facts,True,answer_with_supported_citations,test_in_abs,IN-Abs,India,1181,a52eaf19e0dd9e4661e811cfe5a9a85ec4dd3077e6083759525b406c791f7db2,IN-Abs:1181:reference,ac102bdf71ee582b829324012f7e7f673f38723e610e0b5a2665192490cf9fdd,
LQA-056,"Case background: order came into force, the distinction between essential and non-essential bulk drugs was abolished and a maximum price had to be fixed for barlagan ketone also like other bulk drugs. What procedural steps and earlier rulings brought the matter before the deciding court?",easy,procedural_history,True,answer_with_supported_citations,test_in_ext_expert,IN-Ext,India,1987_C_108,64b33618dceadf5f1365afd5d59c1f2835f9092178c1e696ba05c54b194ba33d,IN-Ext:1987_C_108:A1,7606273fb002a2e37a2b2f26e3227dc67559b7cc70f71457604d776e9abfaab3,
LQA-057,"Case background: Terrorism is defined in section 1 of the Terrorism Act 2000, as the use or threat of action, inside or outside the United Kingdom, (a) involving serious violence against a person, involving serious damage to property, endangering another persons life... What final order did the court make, and what relief followed?",easy,outcome,True,answer_with_supported_citations,test_uk_abs,UK-Abs,United Kingdom,uksc-2012-0124,878b3fcb2b200600a4036ca923f1ba3c6c597328b6dbd59e50531b99ed13039c,UK-Abs:uksc-2012-0124:reference,34091db0d51c5cddcaeffcfd84cdece1b3c2e8746a97807dc7decdab05b6540d,
LQA-058,"Case background: Although the resolution finally levying octroi was passed on February 25, 1963 and the octroi limits were fixed by resolution dated March 17, 1963 the approval of the Collector to the octroi limits as required by r. What central legal issue did the court have to resolve?",medium,legal_issue,True,answer_with_supported_citations,test_in_abs,IN-Abs,India,2248,b69931e554e2d60cff0bd549206769faf2108bf0d0a1ac8744fcecf3330d3698,IN-Abs:2248:reference,c6753a6fa18912593f4ba1179583a24dfaf5aa7e2fba86e0c0ecf3a4cfc31e28,
LQA-059,"Case background: however,before the charter party was to come to an end,on 29th june,1998,the indian oil corporation limited (for short ioc ),acting as agent of the appellant,issued a fax to various ship owners,including the respondent herein,requesting them to extend the validity of the charter party agreement dated 6th may... Which statutory or constitutional provisions governed the dispute, and how were they interpreted?",medium,statutory_interpretation,True,answer_with_supported_citations,test_in_ext_expert,IN-Ext,India,2007_B_76,7137424d936577bc7ef028727df71f80f24f161c5f309b46d08e3b3b0ad3ee6f,IN-Ext:2007_B_76:A1,9d604a0e08170ef01f13a6b3bffb991078e22d5d2242946e7f7525d62e5081b7,
LQA-060,"Case background: Littlewoods appeals on this issue; (2) If Littlewoods claims for compound interest are excluded by sections 78 and 80 of the 1994 Act, whether that exclusion is contrary to EU law, in light of the Court of Justice of the European Unions (CJEU) in Case C 591/10 Littlewoods. Which precedent or governing legal principle did the court apply, and how was it applied?",medium,precedent_application,True,answer_with_supported_citations,test_uk_abs,UK-Abs,United Kingdom,uksc-2015-0177,89be31445c4e424eb1837185af433f03e4e2e396b864ce6de8561fb1eb142140,UK-Abs:uksc-2015-0177:reference,e5bd99a970ab29dd499dd3f257302a44c56657efc4090307e185896ffb7a540a,
LQA-061,"Case background: carrying on any business, profession or vocation in which tax was at any time charged under the provisions of the Indian Income tax Act, 1918, is succeeded in such capacity by another person, the change not being merely a change in the constitution of a partnership... How did the court connect the governing legal rule to the facts in reaching its conclusion?",hard,judicial_reasoning,True,answer_with_supported_citations,test_in_abs,IN-Abs,India,1697,bf19822571850d2bfb9517836d9c519ad6358f33be9d1232e63eec7dc4ba5580,IN-Abs:1697:reference,32cf0652eab5526f9b50895e86ad35fe6168388da86b4a7a312b06562fa0867a,
LQA-062,"Case background: the appellant got the trade mark 'infosys' registered in 1987 in classes 16 and 9 in connection with computer stationery,computer manuals,printed manual for computer instruction and teaching materials; computer hardwares,computer interface,computer peripherals... What were the parties' competing arguments, and why did the court accept one position over the other?",hard,arguments_and_reasoning,True,answer_with_supported_citations,test_in_ext_expert,IN-Ext,India,2010_J_55,817d94b8fdafb8a57289ef77f479cf682e076bc8c38bbd35d582dbc8a909c440,IN-Ext:2010_J_55:A1,cc3c06ef0de06e7fade1ad5092ec11f74786f19a8652818085e4194dd601a3b3,
LQA-063,"Case background: The second concerns the compatibility of the statutory scheme for participation in the childrens hearing with the rights of the father (and indeed the child) under the European Convention on Human Rights. Identify the controlling issues, explain the court's reasoning, and state the final outcome.",hard,multi_issue_synthesis,True,answer_with_supported_citations,test_uk_abs,UK-Abs,United Kingdom,uksc-2010-0128,8c0d3593a3ab38a2ba5b7e39228af3cbfd818d1c7658164d795aa03cf8eb79e5,UK-Abs:uksc-2010-0128:reference,7ab529b215d70c864fa34ab30a3da06baa04339cfefdb2ed4b9587b28d672146,
LQA-064,Case background: What the Tribunal has failed to notice is that instances which may justify a revision of the judicial opinion expressed on an earlier occasion about a particular trend must be strong and unambiguous and they must speak for the period both before and more particularly after the previous... What material facts created the dispute considered by the court?,easy,facts,True,answer_with_supported_citations,test_in_abs,IN-Abs,India,1789,bf4bc1320b4eb1e7f0e022e7cfadd5007be2cca99d253f242b06ed792b95332f,IN-Abs:1789:reference,53ee956c49ca3ce775793f587ece0c888445563ea5d6ca0acdfce46f77282ef0,
LQA-065,"Case background: the main controversy was whether the appellant had sublet the premises to defendant no.2,bharat neon signs or whether he being a partner of the said firm had permitted the said firm to use the premises in question. How did the dispute progress through the authorities or lower courts?",easy,procedural_history,True,answer_with_supported_citations,test_in_ext_expert,IN-Ext,India,1987_S_26,8604dddbf995d8665155190b162f4220bf6befdf306bef5cd1cf5bedf9b6565a,IN-Ext:1987_S_26:A1,7af1e0ec45b9824db9a763295351addabfab892e0412e89649c9a29d18381351,
LQA-066,Case background: The appellants were convicted of serious criminal offences after trials in which the victims of the offences did not give evidence: in one case because he had since died and in the other because she had run away in fear when the trial was about to commence. How did the court ultimately dispose of the appeal or claim?,easy,outcome,True,answer_with_supported_citations,test_uk_abs,UK-Abs,United Kingdom,uksc-2009-0073,8c5daa88336cdfc762c3bd7e6499ba501eba0592bc510ded95e0be1e2a2f4256,UK-Abs:uksc-2009-0073:reference,822baff67084e5a87a9c542e6a9b698b27e0e41fd285f1e3c55b05553086f751,
LQA-067,"Case background: The power under section 19 is independent of the power under section 45, because, while section 19 speaks of removal of a person, section 45 provides that on conviction by Court Martial an officer is liable to be cashiered or to suffer such less punishment as is in... Which question of law determined the resolution of the dispute?",medium,legal_issue,True,answer_with_supported_citations,test_in_abs,IN-Abs,India,3019,c21a3be31c46c3f14d19a70daa0b15d056eba86b16d87c21a6ecb8a297927eaf,IN-Abs:3019:reference,0e241cdb91d86e6564399fd84b9fd9d4b816a780a92af6fc5c736ae5b9ec7b29,
LQA-068,"Case background: in terms of the provisions of the act, along with late harshad mehta, the custodian had notified 29 entities in terms of s 3 of the act, comprising three of his younger brothers, wife of late harshad mehta... How did the court interpret or apply section 9 and rule 92 to resolve the dispute?",medium,statutory_interpretation,True,answer_with_supported_citations,test_in_ext_expert,IN-Ext,India,2006_A_136,98c400d6c1ba6a0cd7c73ff50429417c911a3c8db0900af985c45e76a0397c24,IN-Ext:2006_A_136:A1,4e17d7bf62cb1ad64524f9e90221ede1d4deeeb59d72c5bb3411898dfc45afa4,
LQA-069,"Case background: Pursuant to the terms of the Settlement Deed, (a) Thames Street and Church Street were sold and the proceeds paid over in part satisfaction of the RBS debt, and (b) in September 2009... How did prior authority or an established legal principle influence the decision?",medium,precedent_application,True,answer_with_supported_citations,test_uk_abs,UK-Abs,United Kingdom,uksc-2011-0196,92b7929f64c31e0e239bf50f81bcb5d56d079d8aace94c35c702a70f6c9d87fe,UK-Abs:uksc-2011-0196:reference,9190356707ab5b91fe379b1728bbdac3e4756af796c026715e9bc2b1486b9cab,
LQA-070,"Case background: Fundamental Rule 56(j) confers power on the appropriate authority to compulsorily retire a Government servant, if it is in the public interest to do so, by giving 3 months ' notice or 3 months ' pay and allowances in lieu of such notice; while sub cl. What chain of judicial reasoning led from the material facts to the final decision?",hard,judicial_reasoning,True,answer_with_supported_citations,test_in_abs,IN-Abs,India,5397,c3da0fd9fae37d3ff04f4e9fd1348d2b155177a8e29674cc99b93a15052abec2,IN-Abs:5397:reference,93c9eced556b584691c3b4d5bc201d1d39c02564624265733af3bd27b14fa530,
LQA-071,Case background: the appellants questioned legality of the g.m.o directing discontinuance of purchase tax exemption in case of mills which exceeded the ceiling of rs. How did the court evaluate the principal arguments advanced by each side?,hard,arguments_and_reasoning,True,answer_with_supported_citations,test_in_ext_expert,IN-Ext,India,2004_C_129,a4893d2ac5219e684e7e425eb5abcbb79d0fdfbe9f97f5c48db4f061beca401e,IN-Ext:2004_C_129:A1,da9a3710985c9752a8ee3b06b00ce7b4e8bc95c9857c307a62848e55163ff6ee,
LQA-072,"Case background: He telephoned Thomas Cooks helpline twice, informing them that he had paid to be seated with his wife, and was assured that this would happen. How did the facts, governing law and judicial reasoning combine to determine the result?",hard,multi_issue_synthesis,True,answer_with_supported_citations,test_uk_abs,UK-Abs,United Kingdom,uksc-2012-0109,93fdda01983fcf85d0947c7b21085368321e6a5392d34a8d323e69baeabd74a6,UK-Abs:uksc-2012-0109:reference,d1e6156d5b591e4146c815140a5230f7430583891280cbda3786d7daf33e67bf,
LQA-073,"Case background: On a reference and appeals by the accused the High Court acquitted ""J"" rejecting four out of five eye witnesses and disbelieving even the only other eye witness who lodged the First Information Report. Which factual circumstances were important to resolving the case?",easy,facts,True,answer_with_supported_citations,test_in_abs,IN-Abs,India,3356,c940b17bd2d3f229debdc5839c791637255d1c0494cae29989e9aa918fe98e21,IN-Abs:3356:reference,726de8fb948bcc637b6d5c1702139ae2c8fbe3954c6340b4233878d5c1d10821,
LQA-074,"Case background: the respondent-authority appointed the appellants and posted them to an overseas project known as 'indore habitat project' which was implemented through the agency of 'overseas development authority' (hereinafter referred to as 'the oda'), on daily wages. What was the relevant procedural history before the final appeal?",easy,procedural_history,True,answer_with_supported_citations,test_in_ext_expert,IN-Ext,India,2004_I_24,a9a182a027438684f1db5c52a52eeba572279194987e1fe444899f1c6ee291b4,IN-Ext:2004_I_24:A1,a2298dc4b82c45f9fc72afbb66e10d088f42327332674f7c3f7bc7863ea50d39,
LQA-075,"Case background: Tadalafil is the generic name for a drug which is sold under the brand name CIALIS for the treatment of, among other things, erectile dysfunction (ED). What was the final holding and practical outcome for the parties?",easy,outcome,True,answer_with_supported_citations,test_uk_abs,UK-Abs,United Kingdom,uksc-2017-0214,9d113111c3a6dd5a2709bf92b40ee414250218aeea308d4caf5a03f619b74c3c,UK-Abs:uksc-2017-0214:reference,b9d6596a1ff0b917d9287a069440be99f5e5bf3c7e6772b2ba52d941e322a5ef,
LQA-076,"Case background: In appeal to this Court, the appellant contended that even if the Chela, who had been elected as the Mahant on the death of the defendant, was not impleaded within the period prescribed, there would be no abatement, because he represented the Dera. What was the principal legal controversy before the court?",medium,legal_issue,True,answer_with_supported_citations,test_in_abs,IN-Abs,India,3292,cca330294cd1561fdae57219da8d10a7ca53279949d52190df15e86bef7bdb2e,IN-Abs:3292:reference,834d2b5a7f0f19eea03ad0d08bfd340e7da0e77a4d23e17b91eef67e709d9837,
LQA-077,"Case background: on the next day another notification was issued under section 6 of the land acquisition act on november 28, 1962 and in view of the emergency action under section 17 was taken for obtaining possession of the land with a view to its development. How did the court interpret or apply section 4 and section 6 to resolve the dispute?",medium,statutory_interpretation,True,answer_with_supported_citations,test_in_ext_expert,IN-Ext,India,1971_S_1,b0ff2f44ab92330653d2464772ed6277e8073e2679e4709b6a721b5428baf503,IN-Ext:1971_S_1:A1,1586ff215607d91aca2d49fc4ebb76a37cd813e62fff4404cd5a709812bf5594,
LQA-078,"Case background: According to section 176, accommodation is to be regarded as available for a persons occupation only if it is available for occupation by him together with any other person who normally resides with him as a member of his family... What controlling precedent or doctrine guided the court's analysis?",medium,precedent_application,True,answer_with_supported_citations,test_uk_abs,UK-Abs,United Kingdom,uksc-2011-0117,c9aa1c88fad4bbd7f1672b03d52b7285c836720907c824a02bd6e3456644797e,UK-Abs:uksc-2011-0117:reference,53c01efacfb3d3d06ef2f613beef590e8c7dbb285d6a77394939bac51a0ae88c,
LQA-079,Case background: The appellant has bid in an auction of Beni Country Liquor Shop in the District of Samastipur and was given the shop being the highest bidder but he failed to deposit the bid money in time. Why did the court reach its conclusion under the applicable legal principles?,hard,judicial_reasoning,True,answer_with_supported_citations,test_in_abs,IN-Abs,India,5888,d8738e0f0df19a706e33d6f4f8d76de86aa13b2ddda8e316689a35028eaef274,IN-Abs:5888:reference,c591637a76cae3c4496c8bdea2f92edd3b1d9a1af8cf6c369483cf12cc0dc8b1,
LQA-080,"Case background: it was alleged by the respondent no.4 that since the respondent no.3 was a film actor and had settled in madras, with the consent of the respondent no.3... Which competing submissions mattered, and how did the court resolve them?",hard,arguments_and_reasoning,True,answer_with_supported_citations,test_in_ext_expert,IN-Ext,India,2008_S_549,c8682e91a655805a3251b03a14d91c5a56996ce64d0e5948e945c60d4d35e5bb,IN-Ext:2008_S_549:A1,00ec7cc12574ba23ae16dfb19388af834df83748293c56aa58b317282ae7344d,
LQA-081,"Case background: The principal issues are: (1) whether the reasoning in Barker still applies in Guernsey [8], and means that an employers liability insurer covering an employer for only part of the period during which the employer exposed a victim is liable for only a pro rata part of the... What complete path from factual background through legal analysis led to the final order?",hard,multi_issue_synthesis,True,answer_with_supported_citations,test_uk_abs,UK-Abs,United Kingdom,uksc-2013-0057,df7dbb11a64828949d089acccc1ac0dc2b5c6e239c4ac3fe48c62a73890c6186,UK-Abs:uksc-2013-0057:reference,c4631630c17c57858c1894feb180402333de516039c0b744ed30514d7e3a8648,
LQA-082,"Case background: In 1956, the Life Insurance Corpora tion of India, the appellant stepped into the shoes of the said companies The appellant moved two applications before the Rent Controller for fixation of a 'fair rent ' for each of the premises... Which facts were legally material to the court's determination?",easy,facts,True,answer_with_supported_citations,test_in_abs,IN-Abs,India,6521,e8a9249e320aea48d78dc66ac15b07e9f3a6cb891751efe7adc6aedad89e04ce,IN-Abs:6521:reference,74dc83c849b730881c376449b3bac106f9c13c7a4d646949e8991fbe6d9667eb,
LQA-083,Case background: the state of manipur had not framed any recruitment rules for appointment inter alia in the revenue department and in particular the field staff thereof. What procedural steps and earlier rulings brought the matter before the deciding court?,easy,procedural_history,True,answer_with_supported_citations,test_in_ext_expert,IN-Ext,India,2007_S_632,e5df5cb4a7fe7480a2dde591b5883a2d0104b9b1f78bb11e257663215f5059e6,IN-Ext:2007_S_632:A1,61a443aad3951cf5fdbe748be5f6abd825da6f61994cdce72714e130d7ebf538,
LQA-084,"Case background: On 20 December 2010, the Financial Services Authority (FSA), acting in pursuance of its public duties under sections 3 to 6 of the Financial Services and Markets Act 2000 (FSMA)... What final order did the court make, and what relief followed?",easy,outcome,True,answer_with_supported_citations,test_uk_abs,UK-Abs,United Kingdom,uksc-2011-0244,e0c1fcde618318cc5c71b9ddf8790ec80ab1bd713548c799e42370a39180610e,UK-Abs:uksc-2011-0244:reference,44c5a47a59c713f9f3d7d441320eac71d29e39020245d08fd469bbb7b9bcf5b1,
LQA-085,"Case background: The petitioners employed as daily rated carpenters at the Wood Working Centre of the Himachal Pradesh State Handi crafts Corporation sought enforcement of their fundamental right to have ""equal pay for equal work"" in terms paid to their counterparts in regular services, or in the alterna tive... What central legal issue did the court have to resolve?",medium,legal_issue,True,answer_with_supported_citations,test_in_abs,IN-Abs,India,6118,ebc53839ca84f32702dee6e0654fdce828b1ec58af228401ca3ac02770a2ab37,IN-Abs:6118:reference,c8e22b3c70f99e143c1d2c16a69f125f331a637632410aaf20deca5f2ad13948,
LQA-086,"Case background: it appears that the regional settlement commissioner placed this property for auction through government auctioner and one gulabbai desai purchased the said property in auction for a consideration of rs.16,750/- on 17.5.1956 and,accordingly,sale certificate was issued by the regional settlement commissioner,bombay on behalf of the government. How did the court interpret or apply section 8(i) and section 257 to resolve the dispute?",medium,statutory_interpretation,True,answer_with_supported_citations,test_in_ext_expert,IN-Ext,India,2015_S_368,f576f903a98829ed629db3c001f40dd5f95f099aeb62a52bccbfab33a320ff94,IN-Ext:2015_S_368:A1,457b62cc21cc2ef599b78983f2b3ba45514e7e818444f9a61b80e5ff62022513,
LQA-087,"Case background: Article 40(1) of the United Nations Convention Relating to the Status of Refugees (1951) (the Convention) as modified by the Protocol Relating to the Status of Refugees (1967) (the Protocol) states that: any State may, at the time of signature, ratification or accession... Which precedent or governing legal principle did the court apply, and how was it applied?",medium,precedent_application,True,answer_with_supported_citations,test_uk_abs,UK-Abs,United Kingdom,uksc-2017-0106,e481a57811e06213c4d25fd3733c2502ee95506bfb55e89521d61dfd2ab55b9c,UK-Abs:uksc-2017-0106:reference,932c4da49bbb5226942514dab8ec126829049451d5d5f46258bafc319c0efe40,
LQA-088,"Case background: An industrial dispute regarding fixation of wages and bonus, between the respondent paper mills and its workmen, the appellants, was referred to the Industrial Tribunal in October, 1962, and the reference included a dispute about bonus payable for the years 1962 63 and 1963 64. How did the court connect the governing legal rule to the facts in reaching its conclusion?",hard,judicial_reasoning,True,answer_with_supported_citations,test_in_abs,IN-Abs,India,2440,f7a5aada8e6fcc205a2b3ff84e94563e29b131e0064085b7c036fb1543a456c2,IN-Abs:2440:reference,fd53032425df293d3765e7e5e6bedc1c875f1cbad77d1a3250a62a1bc4b2f41e,
LQA-089,"Case background: it was the appellant's case that he had been in occupation of the said 160 acres of cherikkal land about which and the adjoining lands there was a dispute as to whether the same belonged to a jenmi family known as koodalvalli illom--hereinafter called 'the illom or to... What were the parties' competing arguments, and why did the court accept one position over the other?",hard,arguments_and_reasoning,True,answer_with_supported_citations,test_in_ext_expert,IN-Ext,India,1973_S_68,f6a5bbb51ff34c299146cb4c07394a46bf99610d0e904ede7f44a8289515b258,IN-Ext:1973_S_68:A1,16f65fee37586952f918399f2b0f3d0cdc1fcf00d105cc198a70c5404319029e,
LQA-090,"Case background: It is argued that the cap has an unjustifiably discriminatory impact on women in relation to their right to the peaceful enjoyment of their possessions, contrary to article 14 of the European Convention on Human Rights taken with article 1 of the First Protocol to the ECHR (A1P1). Identify the controlling issues, explain the court's reasoning, and state the final outcome.",hard,multi_issue_synthesis,True,answer_with_supported_citations,test_uk_abs,UK-Abs,United Kingdom,uksc-2014-0079,e7a4668f25f34c35b45ee56591cee4ff08c53eda0dd0bd420652c30750f9cab8,UK-Abs:uksc-2014-0079:reference,6484c233af44800127795fc34ca9daeb5f3c6e5d593d355d0a78e74347e64db7,
LQA-091,What did the United States Supreme Court decide in TikTok Inc. v. Garland in January 2025?,easy,unanswerable,False,INSUFFICIENT_EVIDENCE,,,,,,,,out_of_corpus_jurisdiction
LQA-092,What termination payment is required by clause 14.3 of the private employment agreement between Arjun Mehta and Orion Analytics?,easy,unanswerable,False,INSUFFICIENT_EVIDENCE,,,,,,,,missing_private_document
LQA-093,"What sentence was imposed in State of Kerala v. Orion Robotics Ltd., Criminal Appeal No. 9999 of 2026?",easy,unanswerable,False,INSUFFICIENT_EVIDENCE,,,,,,,,nonexistent_case
LQA-094,"Under the European Union AI Act rules that became applicable in 2025, which AI practices are prohibited and what exceptions apply?",medium,unanswerable,False,INSUFFICIENT_EVIDENCE,,,,,,,,post_corpus_law
LQA-095,What is the exact filing fee and online submission deadline for a civil appeal in the Calcutta High Court on 12 September 2026?,medium,unanswerable,False,INSUFFICIENT_EVIDENCE,,,,,,,,current_operational_information
LQA-096,"According to the unpublished settlement agreement in the Raikot land-allotment dispute, what confidential compensation did each appellant receive?",medium,unanswerable,False,INSUFFICIENT_EVIDENCE,,,,,,,,missing_evidence
LQA-097,"I received a dismissal notice yesterday but have not provided my employment contract or jurisdiction; should I sue, and what damages will I receive?",hard,unanswerable,False,INSUFFICIENT_EVIDENCE,,,,,,,,personalized_legal_advice
LQA-098,What reasoning will the UK Supreme Court use in its final judgment for an appeal that is still pending and has no judgment in the corpus?,hard,unanswerable,False,INSUFFICIENT_EVIDENCE,,,,,,,,future_or_unavailable_decision
LQA-099,"Using an unpublished 2026 Indian Supreme Court judgment and an unreported 2025 UK judgment, compare the exact damages awarded in both cases.",hard,unanswerable,False,INSUFFICIENT_EVIDENCE,,,,,,,,unsupported_cross_case_comparison
LQA-100,"In the case where a company disputed a tax assessment, which judge dissented and what paragraph contained the dissent, without any party name, statute, year or court information?",hard,unanswerable,False,INSUFFICIENT_EVIDENCE,,,,,,,,insufficient_case_identity
