question_type,rouge1_f1,rouge2_f1,rougeL_f1,bertscore_f1,answer_relevance,citation_precision,citation_coverage,grounding_support_proxy,hallucination_proxy,end_to_end_success,tokens_per_second,retrieval_latency_seconds,generation_latency_seconds
arguments_and_reasoning,0.40333972691575326,0.24971791827725223,0.2704181125507963,0.8386374,0.7282329418442466,0.2727272727272727,0.0404040404040404,0.18181818181818182,0.8181818181818182,0.18181818181818182,18.649090490448888,2.352432845160365,20.55061623932455
facts,0.3516043014671539,0.15662712456660768,0.20382941487605247,0.82331157,0.742357055346171,0.25,0.027777777777777776,0.16666666666666666,0.8333333333333334,0.16666666666666666,18.631159760637875,1.3151898509822786,22.164939775092837
judicial_reasoning,0.40730436465712694,0.2564489942410987,0.26613269554948576,0.8373598,0.7341667522083629,0.045454545454545456,0.0,0.0,1.0,0.0,18.65535369802478,2.6535221999511123,18.910093514629725
legal_issue,0.3366100520347588,0.1505246300322323,0.1784860117810719,0.82115626,0.7329015081579034,0.09090909090909091,0.05454545454545454,0.0606060606060606,0.9393939393939394,0.0,18.64634733763213,1.810524044262076,22.22234279624271
multi_issue_synthesis,0.31025223878535685,0.19994736136283436,0.19784177907461856,0.8243883,0.7173638425090096,0.18181818181818182,0.01515151515151515,0.09090909090909091,0.9090909090909091,0.09090909090909091,18.647521157778037,2.7084237829443407,18.487382735803045
outcome,0.30300489138548825,0.16988756766510119,0.1871337664734554,0.8217099,0.7660989165306091,0.09090909090909091,0.01515151515151515,0.0,1.0,0.0,18.670501404719143,1.915448998524384,20.871997703036126
precedent_application,0.3795606451717133,0.2117249819440846,0.21561912474291348,0.82867545,0.7555993307720531,0.09090909090909091,0.02727272727272727,0.09090909090909091,0.9090909090909091,0.09090909090909091,18.656573547970627,2.078156515913592,21.643033881925724
procedural_history,0.29813263602771684,0.1500210765618912,0.1715211953922646,0.8202884,0.7765352509238503,0.18181818181818182,0.028282828282828285,0.09090909090909091,0.9090909090909091,0.09090909090909091,18.679316832476726,1.7231263685124842,22.484974525572564
statutory_interpretation,0.31909203331929265,0.16850678348251014,0.18578852796598208,0.82526684,0.7460948553952303,0.18181818181818182,0.016666666666666666,0.09090909090909091,0.9090909090909091,0.09090909090909091,18.6175227700253,1.7501097735102205,20.172405406663362
