question_id,partition,difficulty,question_type,answerable,relevant_case_rank,retrieval_total_ms,recall_at_1,recall_at_3,recall_at_5,recall_at_10,mrr_at_10,ndcg_at_10
LQA-001,test_in_abs,easy,facts,True,1,2903.3915656618774,1.0,1.0,1.0,1.0,1.0,1.0
LQA-002,test_in_ext_expert,easy,procedural_history,True,1,2730.523010250181,1.0,1.0,1.0,1.0,1.0,1.0
LQA-003,test_uk_abs,easy,outcome,True,1,1693.3844243176281,1.0,1.0,1.0,1.0,1.0,1.0
LQA-004,test_in_abs,medium,legal_issue,True,1,2337.932967580855,1.0,1.0,1.0,1.0,1.0,1.0
LQA-005,test_in_ext_expert,medium,statutory_interpretation,True,1,2684.4739611260593,1.0,1.0,1.0,1.0,1.0,1.0
LQA-006,test_uk_abs,medium,precedent_application,True,1,1782.693216111511,1.0,1.0,1.0,1.0,1.0,1.0
LQA-007,test_in_abs,hard,judicial_reasoning,True,2,3126.6750511713326,0.0,1.0,1.0,1.0,0.5,0.6309297535714575
LQA-008,test_in_ext_expert,hard,arguments_and_reasoning,True,1,2699.203575029969,1.0,1.0,1.0,1.0,1.0,1.0
LQA-009,test_uk_abs,hard,multi_issue_synthesis,True,1,2088.3020549081266,1.0,1.0,1.0,1.0,1.0,1.0
LQA-010,test_in_abs,easy,facts,True,2,2643.155883066356,0.0,1.0,1.0,1.0,0.5,0.6309297535714575
LQA-011,test_in_ext_expert,easy,procedural_history,True,1,1850.3797920420766,1.0,1.0,1.0,1.0,1.0,1.0
LQA-012,test_uk_abs,easy,outcome,True,1,2093.4472386725247,1.0,1.0,1.0,1.0,1.0,1.0
LQA-013,test_in_abs,medium,legal_issue,True,4,2874.5493637397885,0.0,0.0,1.0,1.0,0.25,0.43067655807339306
LQA-014,test_in_ext_expert,medium,statutory_interpretation,True,2,2422.332293353975,0.0,1.0,1.0,1.0,0.5,0.6309297535714575
LQA-015,test_uk_abs,medium,precedent_application,True,0,1611.77526274696,0.0,0.0,0.0,0.0,0.0,0.0
LQA-016,test_in_abs,hard,judicial_reasoning,True,1,2652.578479144722,1.0,1.0,1.0,1.0,1.0,1.0
LQA-017,test_in_ext_expert,hard,arguments_and_reasoning,True,1,2983.1799124367535,1.0,1.0,1.0,1.0,1.0,1.0
LQA-018,test_uk_abs,hard,multi_issue_synthesis,True,1,2355.9654196724296,1.0,1.0,1.0,1.0,1.0,1.0
LQA-019,test_in_abs,easy,facts,True,1,2678.7134539335966,1.0,1.0,1.0,1.0,1.0,1.0
LQA-020,test_in_ext_expert,easy,procedural_history,True,1,2221.1643434129655,1.0,1.0,1.0,1.0,1.0,1.0
LQA-021,test_uk_abs,easy,outcome,True,1,2636.635852511972,1.0,1.0,1.0,1.0,1.0,1.0
LQA-022,test_in_abs,medium,legal_issue,True,1,2003.1435377895832,1.0,1.0,1.0,1.0,1.0,1.0
LQA-023,test_in_ext_expert,medium,statutory_interpretation,True,1,2656.0853361152112,1.0,1.0,1.0,1.0,1.0,1.0
LQA-024,test_uk_abs,medium,precedent_application,True,1,1970.1790204271674,1.0,1.0,1.0,1.0,1.0,1.0
LQA-025,test_in_abs,hard,judicial_reasoning,True,1,2789.4443017430604,1.0,1.0,1.0,1.0,1.0,1.0
LQA-026,test_in_ext_expert,hard,arguments_and_reasoning,True,1,2219.0569755621254,1.0,1.0,1.0,1.0,1.0,1.0
LQA-027,test_uk_abs,hard,multi_issue_synthesis,True,1,2120.0374090112746,1.0,1.0,1.0,1.0,1.0,1.0
LQA-028,test_in_abs,easy,facts,True,1,2600.551483221352,1.0,1.0,1.0,1.0,1.0,1.0
LQA-029,test_in_ext_expert,easy,procedural_history,True,1,3277.755496557802,1.0,1.0,1.0,1.0,1.0,1.0
LQA-030,test_uk_abs,easy,outcome,True,2,1783.9230615645647,0.0,1.0,1.0,1.0,0.5,0.6309297535714575
LQA-031,test_in_abs,medium,legal_issue,True,1,2635.0928894244134,1.0,1.0,1.0,1.0,1.0,1.0
LQA-032,test_in_ext_expert,medium,statutory_interpretation,True,1,2728.664131835103,1.0,1.0,1.0,1.0,1.0,1.0
LQA-033,test_uk_abs,medium,precedent_application,True,1,2555.265170056373,1.0,1.0,1.0,1.0,1.0,1.0
LQA-034,test_in_abs,hard,judicial_reasoning,True,1,2174.3159680627286,1.0,1.0,1.0,1.0,1.0,1.0
LQA-035,test_in_ext_expert,hard,arguments_and_reasoning,True,3,3335.983551107347,0.0,1.0,1.0,1.0,0.3333333333333333,0.5
LQA-036,test_uk_abs,hard,multi_issue_synthesis,True,1,2031.6510265693069,1.0,1.0,1.0,1.0,1.0,1.0
LQA-037,test_in_abs,easy,facts,True,1,2117.84751014784,1.0,1.0,1.0,1.0,1.0,1.0
LQA-038,test_in_ext_expert,easy,procedural_history,True,1,2436.5324722602963,1.0,1.0,1.0,1.0,1.0,1.0
LQA-039,test_uk_abs,easy,outcome,True,2,2466.261207126081,0.0,1.0,1.0,1.0,0.5,0.6309297535714575
LQA-040,test_in_abs,medium,legal_issue,True,3,2785.032131243497,0.0,1.0,1.0,1.0,0.3333333333333333,0.5
LQA-041,test_in_ext_expert,medium,statutory_interpretation,True,1,2214.9264495819807,1.0,1.0,1.0,1.0,1.0,1.0
LQA-042,test_uk_abs,medium,precedent_application,True,1,2844.817875418812,1.0,1.0,1.0,1.0,1.0,1.0
LQA-043,test_in_abs,hard,judicial_reasoning,True,1,2845.7147325389087,1.0,1.0,1.0,1.0,1.0,1.0
LQA-044,test_in_ext_expert,hard,arguments_and_reasoning,True,1,1865.0257377885282,1.0,1.0,1.0,1.0,1.0,1.0
LQA-045,test_uk_abs,hard,multi_issue_synthesis,True,1,2398.92985438928,1.0,1.0,1.0,1.0,1.0,1.0
LQA-046,test_in_abs,easy,facts,True,1,1716.937412507832,1.0,1.0,1.0,1.0,1.0,1.0
LQA-047,test_in_ext_expert,easy,procedural_history,True,1,1605.2815429866314,1.0,1.0,1.0,1.0,1.0,1.0
LQA-048,test_uk_abs,easy,outcome,True,1,2865.126042626798,1.0,1.0,1.0,1.0,1.0,1.0
LQA-049,test_in_abs,medium,legal_issue,True,1,2363.7979119084775,1.0,1.0,1.0,1.0,1.0,1.0
LQA-050,test_in_ext_expert,medium,statutory_interpretation,True,1,2415.2832608669996,1.0,1.0,1.0,1.0,1.0,1.0
LQA-051,test_uk_abs,medium,precedent_application,True,1,2055.2523699589074,1.0,1.0,1.0,1.0,1.0,1.0
LQA-052,test_in_abs,hard,judicial_reasoning,True,1,2157.997454982251,1.0,1.0,1.0,1.0,1.0,1.0
LQA-053,test_in_ext_expert,hard,arguments_and_reasoning,True,1,1954.7806424088776,1.0,1.0,1.0,1.0,1.0,1.0
LQA-054,test_uk_abs,hard,multi_issue_synthesis,True,1,2031.2218638136983,1.0,1.0,1.0,1.0,1.0,1.0
LQA-055,test_in_abs,easy,facts,True,1,2732.211796566844,1.0,1.0,1.0,1.0,1.0,1.0
LQA-056,test_in_ext_expert,easy,procedural_history,True,1,1986.8268729187548,1.0,1.0,1.0,1.0,1.0,1.0
LQA-057,test_uk_abs,easy,outcome,True,1,2292.7051899023354,1.0,1.0,1.0,1.0,1.0,1.0
LQA-058,test_in_abs,medium,legal_issue,True,1,2049.394600559026,1.0,1.0,1.0,1.0,1.0,1.0
LQA-059,test_in_ext_expert,medium,statutory_interpretation,True,1,3181.6937257535756,1.0,1.0,1.0,1.0,1.0,1.0
LQA-060,test_uk_abs,medium,precedent_application,True,1,2930.6882387027144,1.0,1.0,1.0,1.0,1.0,1.0
LQA-061,test_in_abs,hard,judicial_reasoning,True,2,2841.053744312376,0.0,1.0,1.0,1.0,0.5,0.6309297535714575
LQA-062,test_in_ext_expert,hard,arguments_and_reasoning,True,1,2627.7276258915663,1.0,1.0,1.0,1.0,1.0,1.0
LQA-063,test_uk_abs,hard,multi_issue_synthesis,True,1,2056.7847047932446,1.0,1.0,1.0,1.0,1.0,1.0
LQA-064,test_in_abs,easy,facts,True,1,2634.7875939682126,1.0,1.0,1.0,1.0,1.0,1.0
LQA-065,test_in_ext_expert,easy,procedural_history,True,2,2319.6060019545257,0.0,1.0,1.0,1.0,0.5,0.6309297535714575
LQA-066,test_uk_abs,easy,outcome,True,1,2848.198554944247,1.0,1.0,1.0,1.0,1.0,1.0
LQA-067,test_in_abs,medium,legal_issue,True,1,2720.923472661525,1.0,1.0,1.0,1.0,1.0,1.0
LQA-068,test_in_ext_expert,medium,statutory_interpretation,True,1,2634.7898971289396,1.0,1.0,1.0,1.0,1.0,1.0
LQA-069,test_uk_abs,medium,precedent_application,True,1,2145.079034846276,1.0,1.0,1.0,1.0,1.0,1.0
LQA-070,test_in_abs,hard,judicial_reasoning,True,3,2636.7200100794435,0.0,1.0,1.0,1.0,0.3333333333333333,0.5
LQA-071,test_in_ext_expert,hard,arguments_and_reasoning,True,1,1838.9692208729684,1.0,1.0,1.0,1.0,1.0,1.0
LQA-072,test_uk_abs,hard,multi_issue_synthesis,True,1,2004.1014687158167,1.0,1.0,1.0,1.0,1.0,1.0
LQA-073,test_in_abs,easy,facts,True,0,2032.242125365883,0.0,0.0,0.0,0.0,0.0,0.0
LQA-074,test_in_ext_expert,easy,procedural_history,True,1,2246.206333860755,1.0,1.0,1.0,1.0,1.0,1.0
LQA-075,test_uk_abs,easy,outcome,True,1,1912.961220368743,1.0,1.0,1.0,1.0,1.0,1.0
LQA-076,test_in_abs,medium,legal_issue,True,1,2494.483720511198,1.0,1.0,1.0,1.0,1.0,1.0
LQA-077,test_in_ext_expert,medium,statutory_interpretation,True,10,2856.2065102159977,0.0,0.0,0.0,1.0,0.1,0.2890648263178879
LQA-078,test_uk_abs,medium,precedent_application,True,1,2458.406880032271,1.0,1.0,1.0,1.0,1.0,1.0
LQA-079,test_in_abs,hard,judicial_reasoning,True,1,2219.431445002556,1.0,1.0,1.0,1.0,1.0,1.0
LQA-080,test_in_ext_expert,hard,arguments_and_reasoning,True,1,2109.3280566856265,1.0,1.0,1.0,1.0,1.0,1.0
LQA-081,test_uk_abs,hard,multi_issue_synthesis,True,1,2787.6339820213616,1.0,1.0,1.0,1.0,1.0,1.0
LQA-082,test_in_abs,easy,facts,True,1,2188.038700260222,1.0,1.0,1.0,1.0,1.0,1.0
LQA-083,test_in_ext_expert,easy,procedural_history,True,1,1691.7713447473943,1.0,1.0,1.0,1.0,1.0,1.0
LQA-084,test_uk_abs,easy,outcome,True,1,2226.544880308211,1.0,1.0,1.0,1.0,1.0,1.0
LQA-085,test_in_abs,medium,legal_issue,True,1,2551.6102723777294,1.0,1.0,1.0,1.0,1.0,1.0
LQA-086,test_in_ext_expert,medium,statutory_interpretation,True,1,2843.6003546230495,1.0,1.0,1.0,1.0,1.0,1.0
LQA-087,test_uk_abs,medium,precedent_application,True,1,2961.535266134888,1.0,1.0,1.0,1.0,1.0,1.0
LQA-088,test_in_abs,hard,judicial_reasoning,True,2,2697.229990269989,0.0,1.0,1.0,1.0,0.5,0.6309297535714575
LQA-089,test_in_ext_expert,hard,arguments_and_reasoning,True,1,2875.638303812593,1.0,1.0,1.0,1.0,1.0,1.0
LQA-090,test_uk_abs,hard,multi_issue_synthesis,True,1,3105.6922911666334,1.0,1.0,1.0,1.0,1.0,1.0
